Gmt time,Open,High,Low,Close,Volume
01.08.2017 00:00:00.000,1.18207,1.18389,1.17852,1.18109,226683.6406
02.08.2017 00:00:00.000,1.18113,1.19100,1.17937,1.18514,233360.75
03.08.2017 00:00:00.000,1.18514,1.18930,1.18305,1.18822,221491.5781
04.08.2017 00:00:00.000,1.18822,1.18891,1.17281,1.17730,215736.9531
05.08.2017 00:00:00.000,1.17730,1.17730,1.17730,1.17730,0
06.08.2017 00:00:00.000,1.17734,1.17929,1.17706,1.17769,14147.6699
07.08.2017 00:00:00.000,1.17769,1.18140,1.17766,1.17995,182387.6875
08.08.2017 00:00:00.000,1.17995,1.18238,1.17151,1.17540,209521.6563
09.08.2017 00:00:00.000,1.17540,1.17699,1.16891,1.17631,272394.625
10.08.2017 00:00:00.000,1.17631,1.17851,1.17041,1.17700,226661.125
11.08.2017 00:00:00.000,1.17700,1.18472,1.17485,1.18199,210383.6875
12.08.2017 00:00:00.000,1.18199,1.18199,1.18199,1.18199,0
13.08.2017 00:00:00.000,1.18200,1.18275,1.18180,1.18252,9096.8896
14.08.2017 00:00:00.000,1.18251,1.18382,1.17682,1.17755,206699.6094
15.08.2017 00:00:00.000,1.17757,1.17928,1.16872,1.17403,215642.3125
16.08.2017 00:00:00.000,1.17403,1.17793,1.16816,1.17737,252333.5625
17.08.2017 00:00:00.000,1.17737,1.17899,1.16622,1.17156,250161.1563
18.08.2017 00:00:00.000,1.17156,1.17743,1.17102,1.17591,222360.3125
19.08.2017 00:00:00.000,1.17591,1.17591,1.17591,1.17591,0
20.08.2017 00:00:00.000,1.17578,1.17609,1.17500,1.17562,6801.3799
21.08.2017 00:00:00.000,1.17561,1.18280,1.17311,1.18112,181794.7813
22.08.2017 00:00:00.000,1.18112,1.18241,1.17451,1.17615,195984.7969
23.08.2017 00:00:00.000,1.17617,1.18232,1.17403,1.18155,200061.1719
24.08.2017 00:00:00.000,1.18154,1.18169,1.17841,1.17977,223049.6719
25.08.2017 00:00:00.000,1.17976,1.19414,1.17733,1.19219,222870.9375
26.08.2017 00:00:00.000,1.19219,1.19219,1.19219,1.19219,0
27.08.2017 00:00:00.000,1.19431,1.19595,1.19403,1.19511,14828.8301
28.08.2017 00:00:00.000,1.19511,1.19857,1.19168,1.19638,208933.9844
29.08.2017 00:00:00.000,1.19640,1.20701,1.19465,1.19697,281300.8438
30.08.2017 00:00:00.000,1.19697,1.19843,1.18804,1.18906,247062.7656
31.08.2017 00:00:00.000,1.18906,1.19229,1.18231,1.19092,253635.2188
01.09.2017 00:00:00.000,1.19090,1.19798,1.18499,1.18597,221325.1563
02.09.2017 00:00:00.000,1.18597,1.18597,1.18597,1.18597,0
03.09.2017 00:00:00.000,1.18815,1.18859,1.18738,1.18818,12465.0498
04.09.2017 00:00:00.000,1.18818,1.19218,1.18776,1.18928,182153.9688
05.09.2017 00:00:00.000,1.18928,1.19406,1.18682,1.19236,252912.5625
06.09.2017 00:00:00.000,1.19235,1.19499,1.19028,1.19264,239993.5313
07.09.2017 00:00:00.000,1.19263,1.20592,1.19140,1.20278,267627.125
08.09.2017 00:00:00.000,1.20277,1.20923,1.20146,1.20347,241975.2031
09.09.2017 00:00:00.000,1.20347,1.20347,1.20347,1.20347,0
10.09.2017 00:00:00.000,1.20138,1.20254,1.20112,1.20169,10294.3301
11.09.2017 00:00:00.000,1.20169,1.20295,1.19476,1.19577,220636.9219
12.09.2017 00:00:00.000,1.19577,1.19780,1.19262,1.19711,219421.0156
13.09.2017 00:00:00.000,1.19710,1.19947,1.18730,1.18879,219132.2969
14.09.2017 00:00:00.000,1.18879,1.19228,1.18380,1.19210,243548.375
15.09.2017 00:00:00.000,1.19211,1.19873,1.19011,1.19447,216911.0938
16.09.2017 00:00:00.000,1.19447,1.19447,1.19447,1.19447,0
17.09.2017 00:00:00.000,1.19196,1.19503,1.19174,1.19378,8915.3701
18.09.2017 00:00:00.000,1.19378,1.19692,1.19150,1.19600,219049.7969
19.09.2017 00:00:00.000,1.19598,1.20064,1.19536,1.19925,237453.125
20.09.2017 00:00:00.000,1.19924,1.20342,1.18613,1.18743,458076.375
21.09.2017 00:00:00.000,1.18742,1.19535,1.18656,1.19447,596993.0625
22.09.2017 00:00:00.000,1.19446,1.20044,1.19369,1.19466,225252.3594
23.09.2017 00:00:00.000,1.19466,1.19466,1.19466,1.19466,0
24.09.2017 00:00:00.000,1.18947,1.19268,1.18947,1.19267,13654.2598
25.09.2017 00:00:00.000,1.19266,1.19365,1.18319,1.18555,232912.9844
26.09.2017 00:00:00.000,1.18556,1.18615,1.17574,1.17838,234192.5781
27.09.2017 00:00:00.000,1.17838,1.17950,1.17171,1.17497,252950.9844
28.09.2017 00:00:00.000,1.17498,1.18040,1.17212,1.17812,250893.2344
29.09.2017 00:00:00.000,1.17813,1.18325,1.17726,1.18137,196230.2031
30.09.2017 00:00:00.000,1.18137,1.18137,1.18137,1.18137,0
01.10.2017 00:00:00.000,1.17886,1.18151,1.17886,1.18079,8763.9297
02.10.2017 00:00:00.000,1.18079,1.18079,1.17301,1.17315,218487.7969
03.10.2017 00:00:00.000,1.17319,1.17732,1.16961,1.17477,202565.5469
04.10.2017 00:00:00.000,1.17476,1.17877,1.17464,1.17566,210086.4375
05.10.2017 00:00:00.000,1.17565,1.17787,1.16990,1.17138,190971.3281
06.10.2017 00:00:00.000,1.17140,1.17387,1.16692,1.17299,213892.2031
07.10.2017 00:00:00.000,1.17299,1.17299,1.17299,1.17299,0
08.10.2017 00:00:00.000,1.17271,1.17435,1.17267,1.17424,9578.3701
09.10.2017 00:00:00.000,1.17422,1.17561,1.17195,1.17410,147124
10.10.2017 00:00:00.000,1.17410,1.18254,1.17405,1.18134,213520.0938
11.10.2017 00:00:00.000,1.18134,1.18690,1.17952,1.18641,216780.875
12.10.2017 00:00:00.000,1.18640,1.18797,1.18252,1.18309,202787.5313
13.10.2017 00:00:00.000,1.18309,1.18748,1.18053,1.18191,199617.875
14.10.2017 00:00:00.000,1.18191,1.18191,1.18191,1.18191,0
15.10.2017 00:00:00.000,1.18107,1.18178,1.18056,1.18145,7022.0698
16.10.2017 00:00:00.000,1.18147,1.18196,1.17805,1.17945,191054.1875
17.10.2017 00:00:00.000,1.17945,1.17949,1.17361,1.17711,198611.125
18.10.2017 00:00:00.000,1.17710,1.18053,1.17302,1.17942,199544.7813
19.10.2017 00:00:00.000,1.17943,1.18579,1.17679,1.18484,222417.5313
20.10.2017 00:00:00.000,1.18485,1.18579,1.17624,1.17817,208817.7031
21.10.2017 00:00:00.000,1.17817,1.17817,1.17817,1.17817,0
22.10.2017 00:00:00.000,1.17641,1.17743,1.17513,1.17546,13263.0596
23.10.2017 00:00:00.000,1.17552,1.17774,1.17250,1.17548,182440.8594
24.10.2017 00:00:00.000,1.17548,1.17927,1.17428,1.17600,192348.6875
25.10.2017 00:00:00.000,1.17599,1.18203,1.17530,1.18195,217868.6875
26.10.2017 00:00:00.000,1.18195,1.18367,1.16314,1.16377,222254.0938
27.10.2017 00:00:00.000,1.16377,1.16437,1.15741,1.16083,208479.6406
28.10.2017 00:00:00.000,1.16083,1.16083,1.16083,1.16083,0
29.10.2017 00:00:00.000,1.16067,1.16153,1.15937,1.16056,7551.2998
30.10.2017 00:00:00.000,1.16057,1.16579,1.15976,1.16512,191081.9063
31.10.2017 00:00:00.000,1.16513,1.16613,1.16248,1.16518,169713.25
01.11.2017 00:00:00.000,1.16518,1.16570,1.16064,1.16282,196258.1875
02.11.2017 00:00:00.000,1.16282,1.16873,1.16261,1.16586,222217.6563
03.11.2017 00:00:00.000,1.16588,1.16904,1.15991,1.16060,169342.2188
04.11.2017 00:00:00.000,1.16060,1.16060,1.16060,1.16060,0
05.11.2017 00:00:00.000,1.16155,1.16179,1.16038,1.16147,5818.3501
06.11.2017 00:00:00.000,1.16147,1.16240,1.15802,1.16113,184127.3438
07.11.2017 00:00:00.000,1.16113,1.16154,1.15539,1.16008,197382.7813
08.11.2017 00:00:00.000,1.16008,1.16111,1.15792,1.15950,168407.6406
09.11.2017 00:00:00.000,1.15950,1.16548,1.15856,1.16462,214302.625
10.11.2017 00:00:00.000,1.16464,1.16778,1.16227,1.16638,167773.7031
11.11.2017 00:00:00.000,1.16638,1.16638,1.16638,1.16638,0
12.11.2017 00:00:00.000,1.16572,1.16646,1.16558,1.16609,5708.48
13.11.2017 00:00:00.000,1.16609,1.16751,1.16373,1.16646,162501.75
14.11.2017 00:00:00.000,1.16646,1.18050,1.16625,1.17906,182637.5625
15.11.2017 00:00:00.000,1.17907,1.18604,1.17683,1.17826,213275.4531
16.11.2017 00:00:00.000,1.17826,1.18008,1.17569,1.17781,174470.7969
17.11.2017 00:00:00.000,1.17783,1.18217,1.17738,1.17879,189217.9375
18.11.2017 00:00:00.000,1.17879,1.17879,1.17879,1.17879,0
19.11.2017 00:00:00.000,1.17857,1.17970,1.17223,1.17344,16111.1699
20.11.2017 00:00:00.000,1.17344,1.18085,1.17249,1.17371,186928.3281
21.11.2017 00:00:00.000,1.17372,1.17577,1.17128,1.17416,184422.125
22.11.2017 00:00:00.000,1.17416,1.18269,1.17346,1.18146,185656.625
23.11.2017 00:00:00.000,1.18147,1.18559,1.18132,1.18503,148633.8594
24.11.2017 00:00:00.000,1.18504,1.19443,1.18367,1.19286,171776.5
25.11.2017 00:00:00.000,1.19286,1.19286,1.19286,1.19286,0
26.11.2017 00:00:00.000,1.19255,1.19360,1.19239,1.19274,5771.21
27.11.2017 00:00:00.000,1.19273,1.19611,1.18903,1.19041,194033.5625
28.11.2017 00:00:00.000,1.19040,1.19198,1.18271,1.18491,226569.0781
29.11.2017 00:00:00.000,1.18491,1.18827,1.18167,1.18520,207759.5781
30.11.2017 00:00:00.000,1.18519,1.19315,1.18090,1.18979,229024.9844
01.12.2017 00:00:00.000,1.18980,1.19403,1.18508,1.18942,258102.5469
02.12.2017 00:00:00.000,1.18942,1.18942,1.18942,1.18942,0
03.12.2017 00:00:00.000,1.18607,1.18751,1.18562,1.18565,9407.5801
04.12.2017 00:00:00.000,1.18565,1.18785,1.18291,1.18676,214967.2344
05.12.2017 00:00:00.000,1.18677,1.18766,1.18007,1.18304,212470.5
06.12.2017 00:00:00.000,1.18305,1.18480,1.17806,1.18039,210894.9531
07.12.2017 00:00:00.000,1.18040,1.18146,1.17713,1.17725,199774.0469
08.12.2017 00:00:00.000,1.17726,1.17744,1.17301,1.17720,197008.1094
09.12.2017 00:00:00.000,1.17720,1.17720,1.17720,1.17720,0
10.12.2017 00:00:00.000,1.17651,1.17718,1.17636,1.17675,5048.23
11.12.2017 00:00:00.000,1.17675,1.18117,1.17639,1.17762,191002.5156
12.12.2017 00:00:00.000,1.17762,1.17926,1.17174,1.17422,189870.125
13.12.2017 00:00:00.000,1.17423,1.18404,1.17294,1.18361,220791.0313
14.12.2017 00:00:00.000,1.18361,1.18625,1.17645,1.17745,241295.3281
15.12.2017 00:00:00.000,1.17745,1.18123,1.17488,1.17492,200470.3438
16.12.2017 00:00:00.000,1.17492,1.17492,1.17492,1.17492,0
17.12.2017 00:00:00.000,1.17441,1.17509,1.17377,1.17432,8501.2998
18.12.2017 00:00:00.000,1.17432,1.18342,1.17420,1.17837,199837.2031
19.12.2017 00:00:00.000,1.17837,1.18487,1.17764,1.18369,207806.6875
20.12.2017 00:00:00.000,1.18368,1.19017,1.18289,1.18776,198896.2188
21.12.2017 00:00:00.000,1.18776,1.18895,1.18493,1.18521,187995.5
22.12.2017 00:00:00.000,1.18521,1.18640,1.18169,1.18607,178403.75
23.12.2017 00:00:00.000,1.18607,1.18607,1.18607,1.18607,0
24.12.2017 00:00:00.000,1.18440,1.18515,1.18440,1.18505,198.1
25.12.2017 00:00:00.000,1.18505,1.18766,1.18429,1.18710,9768.0898
26.12.2017 00:00:00.000,1.18712,1.18787,1.18465,1.18571,105017.7578
27.12.2017 00:00:00.000,1.18570,1.19102,1.18550,1.19002,180147.875
28.12.2017 00:00:00.000,1.19001,1.19589,1.18970,1.19394,175111.2656
29.12.2017 00:00:00.000,1.19395,1.20254,1.19369,1.19985,171777.125
30.12.2017 00:00:00.000,1.19985,1.19985,1.19985,1.19985,0
31.12.2017 00:00:00.000,1.19985,1.19985,1.19985,1.19985,0
01.01.2018 00:00:00.000,1.20102,1.20166,1.20007,1.20106,8573.2197
02.01.2018 00:00:00.000,1.20105,1.20811,1.20078,1.20614,197155.9063
03.01.2018 00:00:00.000,1.20614,1.20638,1.20011,1.20107,194931.6563
04.01.2018 00:00:00.000,1.20108,1.20889,1.20044,1.20664,210213.4375
05.01.2018 00:00:00.000,1.20663,1.20829,1.20205,1.20304,189702.3438
06.01.2018 00:00:00.000,1.20304,1.20304,1.20304,1.20304,0
07.01.2018 00:00:00.000,1.20265,1.20389,1.20259,1.20370,5754.0601
08.01.2018 00:00:00.000,1.20371,1.20521,1.19560,1.19698,183382.0469
09.01.2018 00:00:00.000,1.19698,1.19755,1.19156,1.19284,205626.3438
10.01.2018 00:00:00.000,1.19282,1.20179,1.19231,1.19558,253338.2031
11.01.2018 00:00:00.000,1.19557,1.20589,1.19291,1.20427,246792.6563
12.01.2018 00:00:00.000,1.20427,1.22184,1.20401,1.21993,276488.125
13.01.2018 00:00:00.000,1.21993,1.21993,1.21993,1.21993,0
14.01.2018 00:00:00.000,1.21933,1.22117,1.21908,1.21919,7288.7002
15.01.2018 00:00:00.000,1.21920,1.22964,1.21876,1.22665,231018.8594
16.01.2018 00:00:00.000,1.22666,1.22828,1.21952,1.22707,262608.375
17.01.2018 00:00:00.000,1.22707,1.23231,1.21650,1.21802,289569.5938
18.01.2018 00:00:00.000,1.21804,1.22648,1.21734,1.22340,254020.75
19.01.2018 00:00:00.000,1.22340,1.22953,1.22145,1.22145,252174.5313
20.01.2018 00:00:00.000,1.22145,1.22145,1.22145,1.22145,0
21.01.2018 00:00:00.000,1.22702,1.22726,1.22338,1.22560,9384.1602
22.01.2018 00:00:00.000,1.22559,1.22670,1.22138,1.22562,233047.9531
23.01.2018 00:00:00.000,1.22564,1.23152,1.22230,1.23086,257732.125
24.01.2018 00:00:00.000,1.23087,1.24149,1.22920,1.23923,296230.2813
25.01.2018 00:00:00.000,1.23921,1.25373,1.23639,1.23914,367825.875
26.01.2018 00:00:00.000,1.23914,1.24936,1.23861,1.24283,317662.375
27.01.2018 00:00:00.000,1.24283,1.24283,1.24283,1.24283,0
28.01.2018 00:00:00.000,1.24232,1.24312,1.24128,1.24312,9490.5195
29.01.2018 00:00:00.000,1.24311,1.24322,1.23367,1.23809,283885
30.01.2018 00:00:00.000,1.23810,1.24538,1.23350,1.24084,300948.0938
31.01.2018 00:00:00.000,1.24084,1.24748,1.23868,1.24168,321338.9375
01.02.2018 00:00:00.000,1.24168,1.25229,1.23854,1.25105,298223.1563
02.02.2018 00:00:00.000,1.25107,1.25182,1.24092,1.24559,299589.6875
03.02.2018 00:00:00.000,1.24559,1.24559,1.24559,1.24559,0
04.02.2018 00:00:00.000,1.24320,1.24547,1.24243,1.24462,13303.75
05.02.2018 00:00:00.000,1.24462,1.24748,1.23626,1.23666,319407.3438
06.02.2018 00:00:00.000,1.23667,1.24343,1.23138,1.23803,414817.1563
07.02.2018 00:00:00.000,1.23803,1.24055,1.22459,1.22700,316532.5625
08.02.2018 00:00:00.000,1.22699,1.22948,1.22120,1.22606,366027.2188
09.02.2018 00:00:00.000,1.22607,1.22873,1.22054,1.22510,320626.8125
10.02.2018 00:00:00.000,1.22510,1.22510,1.22510,1.22510,0
11.02.2018 00:00:00.000,1.22483,1.22524,1.22418,1.22522,8102.54
12.02.2018 00:00:00.000,1.22523,1.23071,1.22350,1.23004,246655.7031
13.02.2018 00:00:00.000,1.23009,1.23710,1.22844,1.23536,257680.1563
14.02.2018 00:00:00.000,1.23537,1.24695,1.22758,1.24681,301226.3125
15.02.2018 00:00:00.000,1.24682,1.25103,1.24478,1.25027,289094.1563
16.02.2018 00:00:00.000,1.25027,1.25553,1.23931,1.24041,285733.0313
17.02.2018 00:00:00.000,1.24041,1.24041,1.24041,1.24041,0
18.02.2018 00:00:00.000,1.24015,1.24204,1.24014,1.24117,6402.6899
19.02.2018 00:00:00.000,1.24117,1.24349,1.23690,1.24002,193454.4531
20.02.2018 00:00:00.000,1.24001,1.24106,1.23199,1.23353,266378.2813
21.02.2018 00:00:00.000,1.23352,1.23598,1.22734,1.22804,280812.5313
22.02.2018 00:00:00.000,1.22805,1.23520,1.22597,1.23256,262317.4063
23.02.2018 00:00:00.000,1.23256,1.23316,1.22798,1.22937,219908.9375
24.02.2018 00:00:00.000,1.22937,1.22937,1.22937,1.22937,0
25.02.2018 00:00:00.000,1.22928,1.22947,1.22809,1.22883,6659.2402
26.02.2018 00:00:00.000,1.22883,1.23550,1.22776,1.23149,224911.2969
27.02.2018 00:00:00.000,1.23149,1.23462,1.22216,1.22259,249965.875
28.02.2018 00:00:00.000,1.22258,1.22412,1.21878,1.21915,254894.875
01.03.2018 00:00:00.000,1.21915,1.22747,1.21546,1.22710,281951.8125
02.03.2018 00:00:00.000,1.22709,1.23358,1.22514,1.23186,264913.0938
03.03.2018 00:00:00.000,1.23186,1.23186,1.23186,1.23186,0
04.03.2018 00:00:00.000,1.23248,1.23641,1.22995,1.23176,17418.1191
05.03.2018 00:00:00.000,1.23176,1.23487,1.22688,1.23365,247128.5781
06.03.2018 00:00:00.000,1.23365,1.24287,1.23281,1.24155,250087.625
07.03.2018 00:00:00.000,1.24154,1.24450,1.23847,1.24122,269820.5313
08.03.2018 00:00:00.000,1.24122,1.24460,1.22979,1.23067,270455.4688
09.03.2018 00:00:00.000,1.23070,1.23342,1.22730,1.23041,264422.6875
10.03.2018 00:00:00.000,1.23041,1.23041,1.23041,1.23041,0
11.03.2018 00:00:00.000,1.23094,1.23133,1.23060,1.23084,8653.8604
12.03.2018 00:00:00.000,1.23083,1.23455,1.22903,1.23384,205139.6719
13.03.2018 00:00:00.000,1.23383,1.24074,1.23145,1.23928,249276.1719
14.03.2018 00:00:00.000,1.23928,1.24125,1.23471,1.23747,220999.625
15.03.2018 00:00:00.000,1.23746,1.23836,1.23001,1.23062,225221.7031
16.03.2018 00:00:00.000,1.23061,1.23360,1.22602,1.22889,196011.375
17.03.2018 00:00:00.000,1.22889,1.22889,1.22889,1.22889,0
18.03.2018 00:00:00.000,1.22817,1.22919,1.22799,1.22807,7730.9199
19.03.2018 00:00:00.000,1.22807,1.23586,1.22579,1.23365,229503.2813
20.03.2018 00:00:00.000,1.23365,1.23545,1.22399,1.22482,237447.9844
21.03.2018 00:00:00.000,1.22483,1.23499,1.22467,1.23463,260896.9531
22.03.2018 00:00:00.000,1.23464,1.23884,1.22855,1.23239,287729.2188
23.03.2018 00:00:00.000,1.23239,1.23733,1.23166,1.23522,250785.8906
24.03.2018 00:00:00.000,1.23522,1.23522,1.23522,1.23522,0
25.03.2018 00:00:00.000,1.23470,1.23673,1.23470,1.23541,8129.8101
26.03.2018 00:00:00.000,1.23541,1.24615,1.23517,1.24572,266398.9688
27.03.2018 00:00:00.000,1.24570,1.24765,1.23723,1.24087,311755.9375
28.03.2018 00:00:00.000,1.24086,1.24215,1.23001,1.23125,268466.7813
29.03.2018 00:00:00.000,1.23124,1.23352,1.22838,1.23018,243556.1406
30.03.2018 00:00:00.000,1.23018,1.23305,1.22898,1.23200,76608.2188
31.03.2018 00:00:00.000,1.23200,1.23200,1.23200,1.23200,0
01.04.2018 00:00:00.000,1.23199,1.23230,1.23124,1.23125,7856.4102
02.04.2018 00:00:00.000,1.23127,1.23449,1.22820,1.22931,156721.0781
03.04.2018 00:00:00.000,1.22931,1.23352,1.22537,1.22781,226872.3125
04.04.2018 00:00:00.000,1.22781,1.23145,1.22570,1.22872,233257.3594
05.04.2018 00:00:00.000,1.22873,1.22901,1.22182,1.22485,230162.875
06.04.2018 00:00:00.000,1.22489,1.22907,1.22151,1.22792,264556.125
07.04.2018 00:00:00.000,1.22792,1.22792,1.22792,1.22792,0
08.04.2018 00:00:00.000,1.22824,1.22833,1.22656,1.22709,9185.6504
09.04.2018 00:00:00.000,1.22709,1.23308,1.22602,1.23206,246667.2656
10.04.2018 00:00:00.000,1.23206,1.23776,1.23027,1.23627,265899.4375
11.04.2018 00:00:00.000,1.23627,1.23964,1.23470,1.23719,301237.125
12.04.2018 00:00:00.000,1.23719,1.23797,1.22993,1.23295,245799.3438
13.04.2018 00:00:00.000,1.23293,1.23458,1.23070,1.23282,206969.5625
14.04.2018 00:00:00.000,1.23282,1.23282,1.23282,1.23282,0
15.04.2018 00:00:00.000,1.23278,1.23366,1.23231,1.23316,6422.2598
16.04.2018 00:00:00.000,1.23316,1.23945,1.23242,1.23837,214910.3281
17.04.2018 00:00:00.000,1.23837,1.24136,1.23362,1.23724,219237.3125
18.04.2018 00:00:00.000,1.23724,1.23971,1.23418,1.23785,233803.5313
19.04.2018 00:00:00.000,1.23786,1.24001,1.23290,1.23430,237982.7188
20.04.2018 00:00:00.000,1.23430,1.23529,1.22499,1.22846,205993.0625
21.04.2018 00:00:00.000,1.22846,1.22846,1.22846,1.22846,0
22.04.2018 00:00:00.000,1.22699,1.22880,1.22699,1.22737,10516.4502
23.04.2018 00:00:00.000,1.22738,1.22894,1.21977,1.22092,244260.4219
24.04.2018 00:00:00.000,1.22094,1.22448,1.21817,1.22372,225410.9688
25.04.2018 00:00:00.000,1.22372,1.22372,1.21599,1.21706,230369.8125
26.04.2018 00:00:00.000,1.21707,1.22099,1.20962,1.21081,255335.2188
27.04.2018 00:00:00.000,1.21081,1.21327,1.20556,1.21291,209457.4375
28.04.2018 00:00:00.000,1.21291,1.21291,1.21291,1.21291,0
29.04.2018 00:00:00.000,1.21224,1.21290,1.21188,1.21226,8343.54
30.04.2018 00:00:00.000,1.21226,1.21386,1.20643,1.20815,230675.3594
01.05.2018 00:00:00.000,1.20815,1.20828,1.19814,1.19910,208487.7813
02.05.2018 00:00:00.000,1.19912,1.20316,1.19378,1.19504,272080.2188
03.05.2018 00:00:00.000,1.19504,1.20087,1.19479,1.19886,262257.2188
04.05.2018 00:00:00.000,1.19886,1.19954,1.19107,1.19550,207802.2188
05.05.2018 00:00:00.000,1.19550,1.19550,1.19550,1.19550,0
06.05.2018 00:00:00.000,1.19557,1.19640,1.19545,1.19545,6517.23
07.05.2018 00:00:00.000,1.19544,1.19779,1.18975,1.19331,200538.6094
08.05.2018 00:00:00.000,1.19331,1.19387,1.18380,1.18671,238088.8281
09.05.2018 00:00:00.000,1.18673,1.18969,1.18227,1.18467,239571.1563
10.05.2018 00:00:00.000,1.18465,1.19463,1.18440,1.19137,264411.625
11.05.2018 00:00:00.000,1.19137,1.19678,1.18911,1.19395,216401.9531
12.05.2018 00:00:00.000,1.19395,1.19395,1.19395,1.19395,0
13.05.2018 00:00:00.000,1.19385,1.19555,1.19379,1.19524,9086.3701
14.05.2018 00:00:00.000,1.19524,1.19959,1.19231,1.19309,247308.5
15.05.2018 00:00:00.000,1.19310,1.19384,1.18168,1.18203,259227.8438
16.05.2018 00:00:00.000,1.18205,1.18541,1.17635,1.18146,278499.7813
17.05.2018 00:00:00.000,1.18146,1.18373,1.17765,1.17900,297010.25
18.05.2018 00:00:00.000,1.17900,1.18221,1.17498,1.17689,228028.8906
19.05.2018 00:00:00.000,1.17689,1.17689,1.17689,1.17689,0
20.05.2018 00:00:00.000,1.17684,1.17756,1.17603,1.17651,10193.6104
21.05.2018 00:00:00.000,1.17651,1.17973,1.17165,1.17899,229934.4375
22.05.2018 00:00:00.000,1.17899,1.18296,1.17567,1.17878,255255.8125
23.05.2018 00:00:00.000,1.17880,1.17889,1.16758,1.17091,311289.125
24.05.2018 00:00:00.000,1.17092,1.17501,1.16906,1.17219,284713.1875
25.05.2018 00:00:00.000,1.17220,1.17335,1.16455,1.16478,257274.125
26.05.2018 00:00:00.000,1.16478,1.16478,1.16478,1.16478,0
27.05.2018 00:00:00.000,1.16862,1.16920,1.16758,1.16884,14555.7197
28.05.2018 00:00:00.000,1.16886,1.17283,1.16073,1.16261,208792.6563
29.05.2018 00:00:00.000,1.16264,1.16394,1.15099,1.15375,333584.1563
30.05.2018 00:00:00.000,1.15375,1.16759,1.15186,1.16646,317803.5938
31.05.2018 00:00:00.000,1.16646,1.17243,1.16410,1.16922,288710.6875
01.06.2018 00:00:00.000,1.16922,1.17178,1.16170,1.16584,260814.9219
02.06.2018 00:00:00.000,1.16584,1.16584,1.16584,1.16584,0
03.06.2018 00:00:00.000,1.16561,1.16689,1.16561,1.16672,6526.2598
04.06.2018 00:00:00.000,1.16670,1.17444,1.16670,1.17000,244045.4844
05.06.2018 00:00:00.000,1.17000,1.17324,1.16525,1.17261,255717.2031
06.06.2018 00:00:00.000,1.17263,1.17956,1.17139,1.17813,245152.4844
07.06.2018 00:00:00.000,1.17812,1.18398,1.17810,1.17931,247115.4531
08.06.2018 00:00:00.000,1.17931,1.18103,1.17271,1.17666,236194.875
09.06.2018 00:00:00.000,1.17666,1.17666,1.17666,1.17666,0
10.06.2018 00:00:00.000,1.17736,1.17857,1.17710,1.17845,6645.1201
11.06.2018 00:00:00.000,1.17845,1.18205,1.17715,1.17725,207873.4063
12.06.2018 00:00:00.000,1.17726,1.18088,1.17334,1.17475,236702.7188
13.06.2018 00:00:00.000,1.17475,1.18047,1.17254,1.18032,240726.7344
14.06.2018 00:00:00.000,1.18030,1.18516,1.15607,1.15633,288776.2813
15.06.2018 00:00:00.000,1.15629,1.16269,1.15432,1.16059,249091.2031
16.06.2018 00:00:00.000,1.16059,1.16059,1.16059,1.16059,0
17.06.2018 00:00:00.000,1.15874,1.16020,1.15860,1.15930,8992.4297
18.06.2018 00:00:00.000,1.15930,1.16410,1.15653,1.16298,215886.4219
19.06.2018 00:00:00.000,1.16297,1.16445,1.15307,1.15881,273936.4688
20.06.2018 00:00:00.000,1.15882,1.15999,1.15365,1.15773,246503.8594
21.06.2018 00:00:00.000,1.15774,1.16334,1.15082,1.16043,289165.0938
22.06.2018 00:00:00.000,1.16043,1.16749,1.16005,1.16561,251501.2969
23.06.2018 00:00:00.000,1.16561,1.16561,1.16561,1.16561,0
24.06.2018 00:00:00.000,1.16622,1.16728,1.16577,1.16600,13863.4502
25.06.2018 00:00:00.000,1.16603,1.17130,1.16286,1.17009,262553.4063
26.06.2018 00:00:00.000,1.17009,1.17203,1.16348,1.16493,284540.0625
27.06.2018 00:00:00.000,1.16493,1.16720,1.15407,1.15629,334885.4375
28.06.2018 00:00:00.000,1.15628,1.16005,1.15271,1.15634,288569
29.06.2018 00:00:00.000,1.15634,1.16902,1.15632,1.16847,286305.25
30.06.2018 00:00:00.000,1.16847,1.16847,1.16847,1.16847,0
01.07.2018 00:00:00.000,1.16747,1.16900,1.16616,1.16786,16543.6992
02.07.2018 00:00:00.000,1.16778,1.16789,1.15911,1.16415,242756.4531
03.07.2018 00:00:00.000,1.16413,1.16731,1.16204,1.16589,248250.2969
04.07.2018 00:00:00.000,1.16587,1.16817,1.16305,1.16601,194700.0938
05.07.2018 00:00:00.000,1.16602,1.17201,1.16500,1.16918,265512.7188
06.07.2018 00:00:00.000,1.16919,1.17676,1.16800,1.17444,231725.0156
07.07.2018 00:00:00.000,1.17444,1.17444,1.17444,1.17444,0
08.07.2018 00:00:00.000,1.17392,1.17541,1.17387,1.17517,12503.0801
09.07.2018 00:00:00.000,1.17514,1.17906,1.17326,1.17560,238514.0625
10.07.2018 00:00:00.000,1.17560,1.17624,1.16901,1.17279,240910.9844
11.07.2018 00:00:00.000,1.17279,1.17580,1.16653,1.16749,280838.2188
12.07.2018 00:00:00.000,1.16749,1.16955,1.16497,1.16638,245254.6563
13.07.2018 00:00:00.000,1.16637,1.16868,1.16129,1.16843,229295.9063
14.07.2018 00:00:00.000,1.16843,1.16843,1.16843,1.16843,0
15.07.2018 00:00:00.000,1.16896,1.16912,1.16770,1.16783,8986.7402
16.07.2018 00:00:00.000,1.16783,1.17253,1.16756,1.17090,234071.25
17.07.2018 00:00:00.000,1.17090,1.17446,1.16484,1.16530,266361.6875
18.07.2018 00:00:00.000,1.16536,1.16648,1.16019,1.16449,258028.4375
19.07.2018 00:00:00.000,1.16449,1.16785,1.15748,1.16544,313041.2813
20.07.2018 00:00:00.000,1.16547,1.17387,1.16262,1.17196,306314.6563
21.07.2018 00:00:00.000,1.17196,1.17196,1.17196,1.17196,0
22.07.2018 00:00:00.000,1.17252,1.17453,1.17233,1.17403,13401.2305
23.07.2018 00:00:00.000,1.17404,1.17497,1.16836,1.16934,247690.5
24.07.2018 00:00:00.000,1.16934,1.17168,1.16545,1.16845,247134.8125
25.07.2018 00:00:00.000,1.16846,1.17387,1.16640,1.17379,260995.2969
26.07.2018 00:00:00.000,1.17379,1.17436,1.16379,1.16437,254430.9531
27.07.2018 00:00:00.000,1.16436,1.16642,1.16203,1.16559,215431.625
28.07.2018 00:00:00.000,1.16559,1.16559,1.16559,1.16559,0
29.07.2018 00:00:00.000,1.16561,1.16604,1.16525,1.16591,7267.5
30.07.2018 00:00:00.000,1.16591,1.17186,1.16479,1.17071,194144.9531
31.07.2018 00:00:00.000,1.17071,1.17458,1.16838,1.16890,229884.9688
01.08.2018 00:00:00.000,1.16890,1.16994,1.16572,1.16631,229051.5938
02.08.2018 00:00:00.000,1.16632,1.16675,1.15816,1.15850,229159.4375
03.08.2018 00:00:00.000,1.15851,1.16105,1.15603,1.15670,233864.8125
04.08.2018 00:00:00.000,1.15670,1.15670,1.15670,1.15670,0
05.08.2018 00:00:00.000,1.15663,1.15705,1.15601,1.15615,9090.0898
06.08.2018 00:00:00.000,1.15615,1.15702,1.15300,1.15579,205637.125
07.08.2018 00:00:00.000,1.15580,1.16082,1.15515,1.16029,208332.0156
08.08.2018 00:00:00.000,1.16029,1.16281,1.15732,1.16092,205556.9063
09.08.2018 00:00:00.000,1.16092,1.16192,1.15162,1.15240,227591.1406
10.08.2018 00:00:00.000,1.15239,1.15363,1.13881,1.14090,287052.1875
11.08.2018 00:00:00.000,1.14090,1.14090,1.14090,1.14090,0
12.08.2018 00:00:00.000,1.13710,1.14115,1.13708,1.13946,14119.9805
13.08.2018 00:00:00.000,1.13948,1.14328,1.13649,1.14004,266613.3438
14.08.2018 00:00:00.000,1.14004,1.14294,1.13302,1.13466,256380.9063
15.08.2018 00:00:00.000,1.13466,1.13548,1.13009,1.13416,246675.1875
16.08.2018 00:00:00.000,1.13416,1.14091,1.13357,1.13718,244651.7344
17.08.2018 00:00:00.000,1.13719,1.14448,1.13663,1.14379,205910.875
18.08.2018 00:00:00.000,1.14379,1.14379,1.14379,1.14379,0
19.08.2018 00:00:00.000,1.14371,1.14399,1.14353,1.14378,6480.6401
20.08.2018 00:00:00.000,1.14379,1.14931,1.13942,1.14918,221939.25
21.08.2018 00:00:00.000,1.14918,1.16011,1.14854,1.15759,262909.375
22.08.2018 00:00:00.000,1.15761,1.16229,1.15531,1.15857,228376.8125
23.08.2018 00:00:00.000,1.15857,1.15906,1.15298,1.15419,228104.2813
24.08.2018 00:00:00.000,1.15419,1.16397,1.15381,1.16205,225871.7656
25.08.2018 00:00:00.000,1.16205,1.16205,1.16205,1.16205,0
26.08.2018 00:00:00.000,1.16141,1.16534,1.16140,1.16451,8815.7695
27.08.2018 00:00:00.000,1.16450,1.16935,1.15943,1.16840,204865.9375
28.08.2018 00:00:00.000,1.16842,1.17334,1.16625,1.16932,237164.0625
29.08.2018 00:00:00.000,1.16932,1.17106,1.16520,1.17093,235416.1094
30.08.2018 00:00:00.000,1.17094,1.17181,1.16417,1.16654,238798.7344
31.08.2018 00:00:00.000,1.16654,1.16901,1.15845,1.15997,234403.4531
01.09.2018 00:00:00.000,1.15997,1.15997,1.15997,1.15997,0
02.09.2018 00:00:00.000,1.15961,1.16037,1.15926,1.15980,7132.98
03.09.2018 00:00:00.000,1.15979,1.16278,1.15889,1.16138,163896.625
04.09.2018 00:00:00.000,1.16139,1.16141,1.15301,1.15871,219100.5938
05.09.2018 00:00:00.000,1.15872,1.16400,1.15425,1.16344,260146.5469
06.09.2018 00:00:00.000,1.16346,1.16592,1.16055,1.16198,233894.7969
07.09.2018 00:00:00.000,1.16200,1.16495,1.15506,1.15520,231931.5625
08.09.2018 00:00:00.000,1.15520,1.15520,1.15520,1.15520,0
09.09.2018 00:00:00.000,1.15483,1.15608,1.15474,1.15607,6051.75
10.09.2018 00:00:00.000,1.15605,1.16161,1.15260,1.15935,195406.75
11.09.2018 00:00:00.000,1.15935,1.16441,1.15654,1.15955,211081.375
12.09.2018 00:00:00.000,1.15954,1.16496,1.15699,1.16253,231822.6719
13.09.2018 00:00:00.000,1.16253,1.17009,1.16091,1.16911,222189.7344
14.09.2018 00:00:00.000,1.16912,1.17215,1.16206,1.16227,205084.9375
15.09.2018 00:00:00.000,1.16227,1.16227,1.16227,1.16227,0
16.09.2018 00:00:00.000,1.16223,1.16322,1.16219,1.16234,6214.1099
17.09.2018 00:00:00.000,1.16234,1.16981,1.16180,1.16685,187743.1719
18.09.2018 00:00:00.000,1.16686,1.17243,1.16521,1.16775,225014.8125
19.09.2018 00:00:00.000,1.16777,1.17149,1.16500,1.16740,228799.5
20.09.2018 00:00:00.000,1.16738,1.17845,1.16719,1.17755,241614.125
21.09.2018 00:00:00.000,1.17756,1.18027,1.17327,1.17473,199892.3438
22.09.2018 00:00:00.000,1.17473,1.17473,1.17473,1.17473,0
23.09.2018 00:00:00.000,1.17432,1.17522,1.17378,1.17485,7622.4502
24.09.2018 00:00:00.000,1.17483,1.18153,1.17241,1.17523,203649.25
25.09.2018 00:00:00.000,1.17525,1.17925,1.17310,1.17628,210535.3438
26.09.2018 00:00:00.000,1.17629,1.17976,1.17259,1.17469,215615.5938
27.09.2018 00:00:00.000,1.17469,1.17571,1.16331,1.16360,269085.4688
28.09.2018 00:00:00.000,1.16360,1.16511,1.15698,1.16019,223588.2969
29.09.2018 00:00:00.000,1.16019,1.16019,1.16019,1.16019,0
30.09.2018 00:00:00.000,1.16171,1.16173,1.16028,1.16052,6585.48
01.10.2018 00:00:00.000,1.16052,1.16246,1.15635,1.15769,203564.4063
02.10.2018 00:00:00.000,1.15770,1.15802,1.15052,1.15503,242329.2813
03.10.2018 00:00:00.000,1.15503,1.15936,1.14645,1.14764,263688.8125
04.10.2018 00:00:00.000,1.14765,1.15426,1.14633,1.15173,230818.875
05.10.2018 00:00:00.000,1.15173,1.15495,1.14838,1.15174,225535.1563
06.10.2018 00:00:00.000,1.15174,1.15174,1.15174,1.15174,0
07.10.2018 00:00:00.000,1.15210,1.15275,1.15197,1.15238,7581.4102
08.10.2018 00:00:00.000,1.15238,1.15296,1.14599,1.14941,186998.5938
09.10.2018 00:00:00.000,1.14941,1.15087,1.14321,1.15046,256529.2188
10.10.2018 00:00:00.000,1.15046,1.15452,1.14798,1.15330,238184.1875
11.10.2018 00:00:00.000,1.15330,1.15994,1.15311,1.15900,290556.9688
12.10.2018 00:00:00.000,1.15899,1.16104,1.15343,1.15571,228332.9375
13.10.2018 00:00:00.000,1.15571,1.15571,1.15571,1.15571,0
14.10.2018 00:00:00.000,1.15372,1.15534,1.15369,1.15504,9901.0303
15.10.2018 00:00:00.000,1.15505,1.16061,1.15430,1.15828,213659.9063
16.10.2018 00:00:00.000,1.15828,1.16212,1.15660,1.15762,216750.8125
17.10.2018 00:00:00.000,1.15763,1.15803,1.14953,1.15011,242886.6563
18.10.2018 00:00:00.000,1.15012,1.15272,1.14492,1.14539,249737.8125
19.10.2018 00:00:00.000,1.14539,1.15345,1.14331,1.15142,240374.9063
20.10.2018 00:00:00.000,1.15142,1.15142,1.15142,1.15142,0
21.10.2018 00:00:00.000,1.15149,1.15179,1.15084,1.15105,8602.6299
22.10.2018 00:00:00.000,1.15106,1.15501,1.14557,1.14646,223824.75
23.10.2018 00:00:00.000,1.14646,1.14934,1.14392,1.14706,261417.0469
24.10.2018 00:00:00.000,1.14706,1.14766,1.13789,1.13988,259360.0625
25.10.2018 00:00:00.000,1.13987,1.14326,1.13561,1.13753,246924.375
26.10.2018 00:00:00.000,1.13753,1.14209,1.13355,1.14021,257994.2031
27.10.2018 00:00:00.000,1.14021,1.14021,1.14021,1.14021,0
28.10.2018 00:00:00.000,1.13921,1.14038,1.13921,1.13980,7206.6499
29.10.2018 00:00:00.000,1.13980,1.14163,1.13606,1.13755,244321.5469
30.10.2018 00:00:00.000,1.13756,1.13877,1.13404,1.13453,216733.7813
31.10.2018 00:00:00.000,1.13452,1.13601,1.13020,1.13145,238968.7344
01.11.2018 00:00:00.000,1.13146,1.14241,1.13126,1.14027,256706.6094
02.11.2018 00:00:00.000,1.14028,1.14557,1.13722,1.13860,231809.25
03.11.2018 00:00:00.000,1.13860,1.13860,1.13860,1.13860,0
04.11.2018 00:00:00.000,1.13863,1.13993,1.13862,1.13976,10993.5898
05.11.2018 00:00:00.000,1.13975,1.14239,1.13530,1.14083,214827.9375
06.11.2018 00:00:00.000,1.14083,1.14417,1.13913,1.14410,227445.9219
07.11.2018 00:00:00.000,1.14410,1.14995,1.13947,1.14325,299458.5625
08.11.2018 00:00:00.000,1.14325,1.14465,1.13515,1.13679,253817.375
09.11.2018 00:00:00.000,1.13678,1.13689,1.13161,1.13342,240480.625
10.11.2018 00:00:00.000,1.13342,1.13342,1.13342,1.13342,0
11.11.2018 00:00:00.000,1.13182,1.13285,1.13137,1.13237,11790.2002
12.11.2018 00:00:00.000,1.13239,1.13305,1.12156,1.12235,236134.625
13.11.2018 00:00:00.000,1.12235,1.13212,1.12218,1.13109,343142.9063
14.11.2018 00:00:00.000,1.13111,1.13475,1.12632,1.13121,291523.0625
15.11.2018 00:00:00.000,1.13121,1.13622,1.12705,1.13243,291819.5938
16.11.2018 00:00:00.000,1.13244,1.14202,1.13216,1.14185,245949.2344
17.11.2018 00:00:00.000,1.14185,1.14185,1.14185,1.14185,0
18.11.2018 00:00:00.000,1.14133,1.14211,1.14061,1.14136,10798.5303
19.11.2018 00:00:00.000,1.14135,1.14644,1.13938,1.14540,204704.4375
20.11.2018 00:00:00.000,1.14540,1.14723,1.13587,1.13721,239103.9844
21.11.2018 00:00:00.000,1.13720,1.14245,1.13656,1.13884,234284.0625
22.11.2018 00:00:00.000,1.13885,1.14340,1.13853,1.14026,170538.8906
23.11.2018 00:00:00.000,1.14027,1.14209,1.13275,1.13355,336333.5938
24.11.2018 00:00:00.000,1.13355,1.13355,1.13355,1.13355,0
25.11.2018 00:00:00.000,1.13401,1.13407,1.13305,1.13374,9716.54
26.11.2018 00:00:00.000,1.13374,1.13837,1.13250,1.13331,228041.9531
27.11.2018 00:00:00.000,1.13331,1.13436,1.12775,1.12969,245549.2656
28.11.2018 00:00:00.000,1.12970,1.13875,1.12671,1.13674,266362.7188
29.11.2018 00:00:00.000,1.13674,1.14016,1.13486,1.13924,264739.7188
30.11.2018 00:00:00.000,1.13924,1.14003,1.13054,1.13164,252452.7344
01.12.2018 00:00:00.000,1.13164,1.13164,1.13164,1.13164,0
02.12.2018 00:00:00.000,1.13499,1.13502,1.13282,1.13421,11397.2598
03.12.2018 00:00:00.000,1.13422,1.13796,1.13192,1.13541,243990.2031
04.12.2018 00:00:00.000,1.13541,1.14187,1.13185,1.13424,284073.9375
05.12.2018 00:00:00.000,1.13425,1.13612,1.13107,1.13487,197094.8438
06.12.2018 00:00:00.000,1.13487,1.14123,1.13209,1.13758,280059.1563
07.12.2018 00:00:00.000,1.13758,1.14235,1.13603,1.13758,242705.1875
08.12.2018 00:00:00.000,1.13758,1.13758,1.13758,1.13758,0
09.12.2018 00:00:00.000,1.13909,1.14067,1.13906,1.13995,9642.3301
10.12.2018 00:00:00.000,1.13996,1.14426,1.13504,1.13558,256937.5781
11.12.2018 00:00:00.000,1.13559,1.14002,1.13062,1.13216,261593.6094
12.12.2018 00:00:00.000,1.13215,1.13872,1.13148,1.13725,264787.6563
13.12.2018 00:00:00.000,1.13725,1.13932,1.13310,1.13630,251050.25
14.12.2018 00:00:00.000,1.13630,1.13649,1.12699,1.13045,255950.8438
15.12.2018 00:00:00.000,1.13045,1.13045,1.13045,1.13045,0
16.12.2018 00:00:00.000,1.13008,1.13083,1.12967,1.13041,12067.7002
17.12.2018 00:00:00.000,1.13043,1.13577,1.13027,1.13493,213611.75
18.12.2018 00:00:00.000,1.13495,1.14022,1.13366,1.13758,250202.4375
19.12.2018 00:00:00.000,1.13756,1.14392,1.13643,1.13865,396079.875
20.12.2018 00:00:00.000,1.13865,1.14859,1.13771,1.14565,521394.2813
21.12.2018 00:00:00.000,1.14566,1.14739,1.13559,1.13684,457889.4375
22.12.2018 00:00:00.000,1.13684,1.13684,1.13684,1.13684,0
23.12.2018 00:00:00.000,1.13692,1.13738,1.13604,1.13723,9257.1201
24.12.2018 00:00:00.000,1.13723,1.14384,1.13705,1.13995,364501.9063
25.12.2018 00:00:00.000,1.13998,1.14198,1.13892,1.14131,19137.8809
26.12.2018 00:00:00.000,1.14132,1.14163,1.13428,1.13601,261304.7188
27.12.2018 00:00:00.000,1.13602,1.14540,1.13580,1.14304,556935.8125
28.12.2018 00:00:00.000,1.14306,1.14727,1.14299,1.14414,444843.9375
29.12.2018 00:00:00.000,1.14414,1.14414,1.14414,1.14414,0
30.12.2018 00:00:00.000,1.14331,1.14406,1.14331,1.14389,9853.8096
31.12.2018 00:00:00.000,1.14389,1.14674,1.14213,1.14627,306212.9688
01.01.2019 00:00:00.000,1.14598,1.14676,1.14566,1.14612,11818.8999
02.01.2019 00:00:00.000,1.14612,1.14967,1.13092,1.13121,455444.6465999999
03.01.2019 00:00:00.000,1.13122,1.14110,1.13099,1.13899,494514.20300000004
04.01.2019 00:00:00.000,1.13901,1.14189,1.13456,1.13943,403754.3882
05.01.2019 00:00:00.000,1.13943,1.13943,1.13943,1.13943,0
06.01.2019 00:00:00.000,1.13955,1.14129,1.13943,1.14102,12460.9497
07.01.2019 00:00:00.000,1.14102,1.14826,1.14046,1.14789,362818.63089999993
08.01.2019 00:00:00.000,1.14790,1.14844,1.14222,1.14572,373028.30830000003
09.01.2019 00:00:00.000,1.14573,1.15578,1.14389,1.15541,464484.83909999987
10.01.2019 00:00:00.000,1.15541,1.15697,1.14844,1.15081,501643.2067999999
11.01.2019 00:00:00.000,1.15082,1.15403,1.14580,1.14656,369059.28800000006
12.01.2019 00:00:00.000,1.14656,1.14656,1.14656,1.14656,0
13.01.2019 00:00:00.000,1.14589,1.14685,1.14583,1.14597,8476.8199
14.01.2019 00:00:00.000,1.14598,1.14820,1.14506,1.14726,347342.13889999996
15.01.2019 00:00:00.000,1.14727,1.14896,1.13819,1.14141,427916.2593
16.01.2019 00:00:00.000,1.14140,1.14248,1.13777,1.13994,373027.39019999997
17.01.2019 00:00:00.000,1.13994,1.14059,1.13700,1.13920,380918.006
18.01.2019 00:00:00.000,1.13920,1.14103,1.13532,1.13614,383249.3129000001
19.01.2019 00:00:00.000,1.13614,1.13614,1.13614,1.13614,0
20.01.2019 00:00:00.000,1.13603,1.13680,1.13602,1.13650,7081.8701
21.01.2019 00:00:00.000,1.13651,1.13910,1.13567,1.13688,237382.03799999997
22.01.2019 00:00:00.000,1.13687,1.13739,1.13361,1.13633,365964.5581
23.01.2019 00:00:00.000,1.13634,1.13942,1.13505,1.13861,378517.6133
24.01.2019 00:00:00.000,1.13861,1.13913,1.12892,1.13126,436798.0473
25.01.2019 00:00:00.000,1.13127,1.14176,1.13049,1.14032,421710.4795999999
26.01.2019 00:00:00.000,1.14032,1.14032,1.14032,1.14032,0
27.01.2019 00:00:00.000,1.14005,1.14134,1.14004,1.14127,7595.099899999999
28.01.2019 00:00:00.000,1.14127,1.14436,1.13900,1.14294,354877.88910000003
29.01.2019 00:00:00.000,1.14295,1.14501,1.14111,1.14348,424913.42699999997
30.01.2019 00:00:00.000,1.14348,1.15016,1.14062,1.14853,431876.7801999999
31.01.2019 00:00:00.000,1.14852,1.15141,1.14356,1.14482,477127.38720000006
01.02.2019 00:00:00.000,1.14482,1.14884,1.14343,1.14547,398191.53760000004
02.02.2019 00:00:00.000,1.14547,1.14547,1.14547,1.14547,0
03.02.2019 00:00:00.000,1.14503,1.14581,1.14503,1.14543,6497.2199
04.02.2019 00:00:00.000,1.14543,1.14603,1.14244,1.14349,367141.9844
05.02.2019 00:00:00.000,1.14348,1.14404,1.14011,1.14087,331771.9794
06.02.2019 00:00:00.000,1.14087,1.14091,1.13608,1.13656,350166.09029999987
07.02.2019 00:00:00.000,1.13655,1.13675,1.13244,1.13382,375756.23720000003
08.02.2019 00:00:00.000,1.13382,1.13508,1.13207,1.13207,330732.80919999996
09.02.2019 00:00:00.000,1.13207,1.13207,1.13207,1.13207,0
10.02.2019 00:00:00.000,1.13186,1.13248,1.13148,1.13237,8475.74
11.02.2019 00:00:00.000,1.13239,1.13298,1.12672,1.12785,378811.6179
12.02.2019 00:00:00.000,1.12785,1.13396,1.12577,1.13336,404102.6581
13.02.2019 00:00:00.000,1.13336,1.13414,1.12490,1.12646,380532.41109999997
14.02.2019 00:00:00.000,1.12646,1.13098,1.12498,1.12947,416725.56239999994
15.02.2019 00:00:00.000,1.12946,1.13061,1.12340,1.12925,428528.3399
16.02.2019 00:00:00.000,1.12925,1.12925,1.12925,1.12925,0
17.02.2019 00:00:00.000,1.12906,1.12959,1.12889,1.12948,8065.0999
18.02.2019 00:00:00.000,1.12948,1.13338,1.12937,1.13114,264432.36150000006
19.02.2019 00:00:00.000,1.13115,1.13574,1.12755,1.13399,408625.02420000004
20.02.2019 00:00:00.000,1.13399,1.13711,1.13249,1.13461,393154.51109999995
21.02.2019 00:00:00.000,1.13461,1.13663,1.13202,1.13398,444394.7101
22.02.2019 00:00:00.000,1.13399,1.13556,1.13161,1.13319,385471.66260000004
23.02.2019 00:00:00.000,1.13319,1.13319,1.13319,1.13319,0
24.02.2019 00:00:00.000,1.13340,1.13421,1.13281,1.13420,10788.8699
25.02.2019 00:00:00.000,1.13421,1.13675,1.13367,1.13647,368447.7604
26.02.2019 00:00:00.000,1.13647,1.14027,1.13450,1.13930,417596.3036
27.02.2019 00:00:00.000,1.13931,1.14036,1.13622,1.13795,422988.34819999995
28.02.2019 00:00:00.000,1.13796,1.14197,1.13595,1.13730,457608.48000000004
01.03.2019 00:00:00.000,1.13731,1.14085,1.13533,1.13633,405553.75000000006
02.03.2019 00:00:00.000,1.13633,1.13633,1.13633,1.13633,0
03.03.2019 00:00:00.000,1.13811,1.13826,1.13633,1.13749,10698.119900000002
04.03.2019 00:00:00.000,1.13749,1.13750,1.13090,1.13362,406415.66660000006
05.03.2019 00:00:00.000,1.13363,1.13384,1.12895,1.13060,394725.23699999996
06.03.2019 00:00:00.000,1.13059,1.13245,1.12855,1.13129,322848.10809999995
07.03.2019 00:00:00.000,1.13130,1.13202,1.11764,1.11980,390830.3976
08.03.2019 00:00:00.000,1.11980,1.12461,1.11852,1.12311,374351.01420000003
09.03.2019 00:00:00.000,1.12311,1.12311,1.12311,1.12311,0
10.03.2019 00:00:00.000,1.12316,1.12374,1.12304,1.12315,7755.2599
11.03.2019 00:00:00.000,1.12315,1.12738,1.12217,1.12591,323944.16560000007
12.03.2019 00:00:00.000,1.12590,1.13049,1.12492,1.12865,320871.931
13.03.2019 00:00:00.000,1.12864,1.13385,1.12773,1.13303,305061.0593
14.03.2019 00:00:00.000,1.13304,1.13361,1.12940,1.13064,328504.8592
15.03.2019 00:00:00.000,1.13066,1.13443,1.13000,1.13240,289446.95800000004
16.03.2019 00:00:00.000,1.13240,1.13240,1.13240,1.13240,0
17.03.2019 00:00:00.000,1.13201,1.13277,1.13189,1.13192,6321.3701
18.03.2019 00:00:00.000,1.13193,1.13589,1.13192,1.13360,256610.22139999998
19.03.2019 00:00:00.000,1.13360,1.13615,1.13336,1.13542,272290.7605
20.03.2019 00:00:00.000,1.13543,1.14480,1.13354,1.14284,367710.74689999997
21.03.2019 00:00:00.000,1.14282,1.14373,1.13425,1.13737,355410.4194999999
22.03.2019 00:00:00.000,1.13737,1.13905,1.12732,1.13004,402377.6649000001
23.03.2019 00:00:00.000,1.13004,1.13004,1.13004,1.13004,0
24.03.2019 00:00:00.000,1.12892,1.13011,1.12883,1.12955,8383.660100000001
25.03.2019 00:00:00.000,1.12956,1.13314,1.12889,1.13151,341816.03899999993
26.03.2019 00:00:00.000,1.13152,1.13259,1.12632,1.12738,336568.13930000004
27.03.2019 00:00:00.000,1.12737,1.12855,1.12421,1.12521,422556.42980000004
28.03.2019 00:00:00.000,1.12518,1.12612,1.12135,1.12298,426452.2033
29.03.2019 00:00:00.000,1.12297,1.12466,1.12098,1.12179,424280.36149999994
30.03.2019 00:00:00.000,1.12179,1.12179,1.12179,1.12179,0
31.03.2019 00:00:00.000,1.12254,1.12312,1.12179,1.12231,10782.18
01.04.2019 00:00:00.000,1.12231,1.12498,1.11984,1.12049,414214.3900000006
02.04.2019 00:00:00.000,1.12049,1.12160,1.11836,1.12032,437698.16999999963
03.04.2019 00:00:00.000,1.12032,1.12547,1.12019,1.12446,464945.66990000015
04.04.2019 00:00:00.000,1.12447,1.12475,1.12059,1.12222,382615.9099999992
05.04.2019 00:00:00.000,1.12222,1.12472,1.12099,1.12142,331661.33
06.04.2019 00:00:00.000,1.12142,1.12142,1.12142,1.12142,0
07.04.2019 00:00:00.000,1.12138,1.12213,1.12118,1.12181,7693.85
08.04.2019 00:00:00.000,1.12181,1.12744,1.12148,1.12555,386557.54000000004
09.04.2019 00:00:00.000,1.12557,1.12842,1.12554,1.12655,384052.2499999997
10.04.2019 00:00:00.000,1.12654,1.12876,1.12294,1.12758,433096.7902000001
11.04.2019 00:00:00.000,1.12759,1.12873,1.12498,1.12601,382614.60000000003
12.04.2019 00:00:00.000,1.12602,1.13239,1.12572,1.12976,401664.2899999999
13.04.2019 00:00:00.000,1.12976,1.12976,1.12976,1.12976,0
14.04.2019 00:00:00.000,1.13035,1.13072,1.12976,1.13028,10414.88
15.04.2019 00:00:00.000,1.13029,1.13209,1.12975,1.13043,376604.9700000005
16.04.2019 00:00:00.000,1.13044,1.13139,1.12788,1.12845,478236.7400999996
17.04.2019 00:00:00.000,1.12845,1.13237,1.12813,1.12965,394230.7501
18.04.2019 00:00:00.000,1.12964,1.13039,1.12261,1.12349,411987.18979999947
19.04.2019 00:00:00.000,1.12349,1.12476,1.12323,1.12408,106163.79999999986
20.04.2019 00:00:00.000,1.12408,1.12408,1.12408,1.12408,0
21.04.2019 00:00:00.000,1.12408,1.12452,1.12373,1.12440,6034.609999999999
22.04.2019 00:00:00.000,1.12440,1.12497,1.12357,1.12489,0.055712840000004926